,mean,sd,eti94_lb,eti94_ub,ess_bulk,ess_tail,r_hat,mcse_mean,mcse_sd
start_probs[0],0.09385337745750977,0.007483882113092365,0.08253441477679671,0.10493187489492452,2.3307148399854607,5.663620487401881,2.8653083267076886,0.005099284471939607,0.002218219263917021
start_probs[1],0.1518561256410729,0.1059410626849249,0.043629437392053196,0.2761918753233666,2.3510890949627874,5.174567582708827,2.7802737837486493,0.07429913984201056,0.006546607413488453
start_probs[2],0.1498193834215107,0.03220792154758127,0.11035885081058322,0.20347888068405864,2.6184925181335923,5.920004356687477,2.179643462972093,0.020765546173231494,0.007553421713062759
start_probs[3],0.18177727050297987,0.09085700191667653,0.08745811570790595,0.3063821526291488,2.2941935785850505,5.222083106114696,3.032416267099763,0.06355714837114898,0.012217552666398361
start_probs[4],0.4226938429769268,0.06246205781121293,0.32941269053546646,0.5136454411634287,2.6147094777307434,6.125535615313446,2.156331567579621,0.04065510761934046,0.015436210831727219
"trans_mat[0, 0]",0.905612920276599,0.05405484113274204,0.8503418370667662,0.9602819209721363,2.590755618470774,5.9178940638515645,2.2384456305880818,0.0379335181048694,0.0005540311176736738
"trans_mat[0, 1]",0.030835223541934867,0.02307480774569268,0.007363580341030156,0.054295033166190776,2.4946430195793745,5.1348611226548115,2.4060279527140462,0.01619281525509921,0.00021579759000902305
"trans_mat[0, 2]",0.009246931692372057,0.007702690616067587,0.001524331551808289,0.017015962165864984,2.826378650667052,10.731930181738894,1.9405024511773303,0.005405530771944763,2.7779727483897805e-05
"trans_mat[0, 3]",0.04216290950034644,0.02217617085908616,0.019447178674921285,0.06510808088529388,2.572788982034263,6.591625790205448,2.229115835090171,0.01556162820639156,0.0003488021330938604
"trans_mat[0, 4]",0.012142014988747703,0.0011316893409891412,0.010486213592153263,0.013372460396168162,2.6440905697513775,8.995465530203898,2.177464562238743,0.000782810109152042,0.00017578038612274516
"trans_mat[1, 0]",0.009712369526574031,0.0057223992694246315,0.003587757186731814,0.015587676180865597,2.8849705485671016,12.782270652464838,1.874481514710791,0.004013850911665471,0.0001438373324664251
"trans_mat[1, 1]",0.8798734454425162,0.06679654010774551,0.8012265653211241,0.9527551261406503,2.6082123992486212,5.2319363702942425,2.1755700588452194,0.04679607871233711,0.003898036866529491
"trans_mat[1, 2]",1.4608079790781611e-06,8.241548492608975e-07,5.842406809321456e-07,2.314409140981893e-06,2.9193445320348985,8.367987469457878,1.8508216136623727,5.781413476794776e-07,1.9042561891061418e-08
"trans_mat[1, 3]",0.10409573747689432,0.06337120658951566,0.03656678539096535,0.1798162360424179,2.6086986276855355,5.231936370294244,2.17395621822215,0.04440482197454393,0.0036760102729914185
"trans_mat[1, 4]",0.006316986746036476,0.0024542761285093976,0.0035795293036708425,0.010620950905216519,2.8268778009146107,5.243348442307898,1.926021123521455,0.0016468816903867731,0.0006058759294747107
"trans_mat[2, 0]",0.0546541058709415,0.026494253677319387,0.02844419094498742,0.09539760873573201,2.690674546404326,5.306591987860033,2.09259136006037,0.018401834779822764,0.004394922170486299
"trans_mat[2, 1]",7.190009254125491e-07,4.025359722266923e-08,6.435972258881376e-07,8.020171673457179e-07,3.198864435774527,5.697196691085869,1.7172405585573793,2.2120531468415737e-08,1.6481711509959798e-08
"trans_mat[2, 2]",0.9453353812627123,0.02650233336086702,0.9045769275621334,0.9715531527883933,2.69060969221158,5.306591987860032,2.092674552521737,0.01840746048898319,0.0043965913430723995
"trans_mat[2, 3]",2.6861760623727487e-06,1.0403250179067744e-06,1.6545745182361448e-06,4.273114327524373e-06,2.613885619771842,5.215070916818372,2.2002579488233187,7.24956725846076e-07,1.7274907674243512e-07
"trans_mat[2, 4]",7.107689358403468e-06,7.086319744607609e-06,3.165099719362225e-07,1.8908277121205543e-05,2.4888685154225714,5.144286833910055,2.413592950294677,4.921601810126795e-06,1.5570876389744235e-06
"trans_mat[3, 0]",0.018329292271118233,0.005400668800227441,0.012513970120470478,0.025147432302691886,2.5541074087001787,5.025197499046176,2.234124029376455,0.00378012702035221,0.00048402655810644146
"trans_mat[3, 1]",0.1642511005748422,0.12123453050373376,0.03753865466383937,0.3006884988430914,2.6006578409872545,5.222035364904028,2.167025213215595,0.08499404875266593,0.005295435820700891
"trans_mat[3, 2]",7.645284724010748e-07,4.1693239393789344e-07,1.9651242412451888e-07,1.1875166353263963e-06,2.522472314544461,5.383564976232369,2.346623749116698,2.8730498742571423e-07,6.187164925332373e-08
"trans_mat[3, 3]",0.6631542122042544,0.0335379350485784,0.6057693056951615,0.7139095395828572,2.786382532174906,5.965790577950117,1.945802713308692,0.022112040152156644,0.009056751055244942
"trans_mat[3, 4]",0.15426463042131264,0.09725716419596218,0.0292733799164967,0.27321525335331864,2.5993994493411816,5.720331457746518,2.159891079297169,0.06765128866125932,0.011711045390269712
"trans_mat[4, 0]",0.004477827027826797,0.003827493247916853,0.0005849247437691832,0.008721901418952951,2.722859502203073,6.384505766091905,2.028600456934368,0.0026846615300446866,0.00010565662956599167
"trans_mat[4, 1]",0.01948111661693572,0.004901618753884927,0.013663297261378896,0.025210636062420588,2.8964643205433536,12.857955475844111,1.8780749609385015,0.003417098524814232,0.00044610001629000255
"trans_mat[4, 2]",1.3739702225247472e-06,7.799960174445751e-07,5.345383488682363e-07,2.3863060644575086e-06,2.4684428765798714,5.225567282211688,2.4736132207656434,5.463087422651538e-07,6.37625249081608e-08
"trans_mat[4, 3]",0.03441078429449307,0.024680499721170226,0.00888481356921434,0.06179588374436564,2.6832768256604917,5.128530167774662,2.108657041711501,0.017312312480200136,0.0007575213532064564
"trans_mat[4, 4]",0.941628898090522,0.03338559545772106,0.9043536764452416,0.9767770470211249,2.756652699088755,6.055534040461954,2.0132024006763913,0.023409803398623037,0.0012311708237977778
"means[0, 0]",-0.2944497294239672,0.18744213992272327,-0.45852541057516866,0.08018740105436989,3.104635453406275,14.926460265712286,1.8565093948139666,0.11670413453253754,0.0627004302280807
"means[0, 1]",-0.23374897407316114,0.136431312260499,-0.3452460225254078,0.058221839026838036,3.3041299909647757,9.423757458598068,2.1219549005082974,0.0742879706160974,0.04626178972807124
"means[0, 2]",0.5334028795948613,0.20486382428674704,0.28147968545942376,0.7670807200476196,2.771350832445735,8.443928039936223,2.0303182209340576,0.1431295185186618,0.016508501831590975
"means[0, 3]",0.7102006181968334,0.5490384918427808,0.1340586835216047,1.2868520558575207,2.295516347009875,5.234723346662289,2.976879516820536,0.3852623738872133,0.013527222742826826
"means[0, 4]",-0.48434292403321705,0.23941480029166978,-0.7298786211839021,-0.24083159486292144,2.6304711382611883,5.1356136934328935,2.1904954156975465,0.16800706020306716,0.0022153591863141213
"means[0, 5]",-0.3399109093241374,0.13904248634839442,-0.4748773982612218,-0.027820850775895512,2.323038105841934,5.355883739241686,2.9105961342386752,0.09124138448368267,0.06145755772915082
"means[0, 6]",0.019968654533556573,0.10165497920864246,-0.10075414849729185,0.13706648762727522,2.58808565111489,6.010970832625148,2.3435119720256274,0.07109896816376222,0.008144450531649371
"means[0, 7]",-0.35321588416717387,0.21453311899906471,-0.6475033357141143,0.08724213908881316,3.628313038518775,10.237055677603731,2.079376668583754,0.11245436097406973,0.10067206091189677
"means[1, 0]",-0.8693784813719041,0.04657980224717552,-0.953704133806307,-0.8232215028719585,3.6440233969411406,9.361788928076923,1.9346047261555819,0.028942667825954876,0.01173800744085578
"means[1, 1]",-0.7778483295815977,0.061546486666774224,-0.892826531053171,-0.7046182904678008,2.9879925096334197,18.46666692834201,1.8819293823222678,0.03951960527931217,0.01740683430630258
"means[1, 2]",0.3135505588038004,0.040603581320374345,0.2402946121221081,0.39915534010189363,3.986052514451197,7.4402755537261305,1.4715134705298771,0.020712797749669623,0.01427628147557124
"means[1, 3]",0.10729172240695324,0.2245295878699264,-0.12153987603562343,0.38983407367070183,2.9874371330535037,13.293625168027187,1.8326394300304416,0.1564047228636248,0.019641788330028283
"means[1, 4]",-1.475925480066849,6.943351289380026e-07,-1.475926781089706,-1.475924140892166,61.71720512262515,124.98951737785566,1.0348415464759635,8.840754407783385e-08,6.434831921494183e-08
"means[1, 5]",-0.8903643727124809,0.3104763306419065,-1.2009074450511863,-0.5318108601753906,2.9110472620938714,6.134893349913552,1.8695306002251781,0.21744746263626566,0.015573883127349362
"means[1, 6]",0.24328164856332074,0.17949240177162665,0.01339548709445716,0.4297056582989476,2.4330773039545908,5.222826546699899,2.5593601836004445,0.1252863655894566,0.01908625819789204
"means[1, 7]",-0.5073914663346419,0.14284067556777427,-0.7391529409182157,-0.3412774121391976,2.7461807121837274,8.946093882888299,2.0142216115372213,0.09582002875726543,0.03325532008449116
"means[2, 0]",-2.766797759172452,0.2298083943361222,-3.0021128070460232,-2.523340474161094,2.728473055216708,6.691990704416016,2.078078917484014,0.16120244841221193,0.005408950288833788
"means[2, 1]",-3.80960516464362,0.21323279854550098,-4.069694491501558,-3.5772430813558667,2.643832567825091,6.086969740406959,2.114820615733985,0.14901414796219464,0.018543971895780182
"means[2, 2]",8.15084542370495,0.23721233462357047,7.892108839940634,8.39001920998234,2.4825774254884228,5.2349425744711935,2.4621383394608696,0.16641568394626724,0.006355098698825716
"means[2, 3]",6.703325381466209,0.6344156935451295,6.059894693736143,7.341244565898488,2.6523537754029616,7.562759097172197,2.102150834657929,0.4452120565116989,0.0030249065315085745
"means[2, 4]",-1.7352013133928612,0.25783393241965724,-2.050663140607716,-1.471098661452115,2.6434711467270118,6.2905829950992596,2.1250062246572106,0.18018622499905068,0.019554645096195155
"means[2, 5]",-1.0759371334314702,0.569409094268034,-1.6532086670839574,-0.47617832868500687,2.4476071237367574,5.211257034351476,2.5041615908712607,0.39953907475800293,0.009888601298319127
"means[2, 6]",-0.516793729471251,0.26680806391550843,-0.8115111052050937,-0.23066685280435978,2.9674910761554387,15.742126100330118,1.8287005020794376,0.18693051006657238,0.01190807090084436
"means[2, 7]",-1.672273405182862,0.5137837026540655,-2.2005600344149996,-1.1086429256343597,2.5922244159950956,5.185222822976911,2.1748662745172016,0.3603535846214054,0.01624164209637452
"means[3, 0]",-0.05129439655362455,0.11489030750627971,-0.1753803254117566,0.12710842295748517,2.7235390041965957,5.817110496199865,2.0357255791961997,0.0779755757219048,0.020902892483716667
"means[3, 1]",0.19331528631912215,0.4939166440274376,-0.30764189265539876,0.6992174770529608,2.6812396711665385,8.107138188701285,2.1019718921563175,0.3466007823632378,0.005034740006081926
"means[3, 2]",-0.011019526646472492,0.09779809692264467,-0.12288953733802652,0.17541748894390047,2.682121640015168,8.541152914531496,2.1228138926569593,0.0628281967851553,0.030744221762644273
"means[3, 3]",-0.271231813800769,0.26028080143299814,-0.5324094747505682,0.1239508522162286,2.3016891862380064,5.306292178466963,3.0002741216895212,0.179845216418818,0.05022353248831243
"means[3, 4]",-0.30052615342667316,0.39179985374709825,-0.6923276859722848,0.0912752413132497,2.9561205318944337,19.97259471627109,1.8292443669926906,0.2749565543887199,7.489524439244164e-07
"means[3, 5]",-0.3729300027625704,0.2060077828313533,-0.5895219502246748,-0.09126667863243587,2.671801658922003,10.262016343261811,2.078062410887092,0.14307703263834526,0.02391628606376949
"means[3, 6]",-0.46783896847804823,0.40628782517778755,-0.8802568505959957,0.08323671163044713,2.7738727673658192,7.305907806326567,1.9501881276891717,0.28180616666477815,0.04750320684350826
"means[3, 7]",-0.5116327511118212,0.4402427455684336,-0.951333349389702,0.047210913121806995,2.898194583641092,14.751185511156745,1.8908238148123613,0.3066595717762404,0.041036350485937546
"means[4, 0]",0.5883507733672645,0.01806936405480295,0.5495995961145577,0.6263793171625868,16.62052322098018,12.579467291132742,1.4748023323634931,0.004370741386578698,0.004620452136242055
"means[4, 1]",0.550036347798649,0.0288639391967931,0.49219546213590865,0.5910296798552546,6.3395845028464946,14.448149435423785,1.2447847645806434,0.012097666914148075,0.008016068642980169
"means[4, 2]",-0.2665381930932157,0.02671552920585669,-0.30101229425748494,-0.19422637851457084,4.436663091772504,5.212458153129934,1.3900982150283643,0.012873827709018243,0.012054404616895218
"means[4, 3]",-0.18892778709857613,0.04339995704245009,-0.2608451145284637,-0.12216361696646251,2.8312135441291804,6.3814163773129176,1.9381300935280443,0.027217838098291897,0.011943328011596472
"means[4, 4]",0.874873295856165,5.054786705232241e-07,0.8748723940210679,0.874874250281674,95.44583749908782,131.9989301818942,1.0306526867978296,5.155964965994229e-08,3.2978796231236284e-08
"means[4, 5]",0.32301951756990266,0.03345760580422598,0.2744251711650636,0.37878978239370004,2.435633071050535,5.162232125197372,2.5729538997627293,0.022391749924398626,0.009490961340701298
"means[4, 6]",-0.0766288331671271,0.048602730212048945,-0.12836662698143278,-0.0010632483201977504,2.6357087170435736,7.262749737797621,2.1238378721020843,0.033414613828695656,0.009788982451961553
"means[4, 7]",0.4320174075836587,0.03439063338736028,0.40107888710389206,0.5008973714037143,2.621899758207849,5.033051102456333,2.160914204113129,0.023261898064542305,0.011970610771657555
"sigmas[0, 0]",1.2815240126285161,0.3490277790257501,0.9328008590821125,1.724361550358416,2.503304947758626,4.948857844631318,2.350169651999456,0.24459932508947796,0.031262123801771
"sigmas[0, 1]",1.127382219365201,0.19310245065816908,0.9083617689175852,1.4347825944533816,2.5444335440545864,5.616233418875232,2.266132801729727,0.13347539671762623,0.03565887780218894
"sigmas[0, 2]",1.339689549430383,0.5079923428631956,0.8084372219718565,1.9733035326430266,2.5303343238853033,6.974292776584733,2.351767768042478,0.35532317918132283,0.03851200936989558
"sigmas[0, 3]",1.4199069231337929,0.4782417543380211,0.9355047448738825,1.96664217746837,2.841094792480991,11.532983598247323,1.9623059109379357,0.3348092446578305,0.02487005297259548
"sigmas[0, 4]",0.6089904798044539,0.011496858438231363,0.5891280003596897,0.6254021462493987,3.1161632438905102,9.556383839175872,1.7528537093909604,0.006828390366142943,0.002988937309772243
"sigmas[0, 5]",1.0367973261197962,0.02610118994800362,0.9752109771502151,1.0876703850223546,12.11962624900675,10.199561082684921,1.2557730674526137,0.007420480983397388,0.0059720307208600025
"sigmas[0, 6]",1.0248604334615492,0.08647675130091541,0.9172470960364413,1.1692345245080944,2.553994660909041,6.336248829371206,2.3087005885776124,0.05921561548427629,0.022042146178042798
"sigmas[0, 7]",1.3055415489509827,0.35501404512039536,0.8951018480707817,1.7246754116033356,2.4255230992155106,6.097589539205713,2.638661431173825,0.2485882667267395,0.02999096554182714
"sigmas[1, 0]",0.7108924980342413,0.036416794811948004,0.6494501968063878,0.7770566509576582,15.841377520787946,66.56849978874209,1.1193534216760936,0.009368289139703228,0.005234721793512151
"sigmas[1, 1]",0.6443970727532928,0.02871767436492665,0.5969659180256519,0.7014044146816496,113.83560992418573,157.82239930982416,1.0438543750079512,0.0027022706830344854,0.0019166177805481088
"sigmas[1, 2]",0.7210918878834243,0.04863837305678656,0.6422893912116158,0.822846988358836,12.972171547015837,42.137973173015816,1.1386039194269977,0.014138255047757377,0.010064499440779565
"sigmas[1, 3]",0.8901511347100677,0.06608993834024396,0.795306013384713,1.0347634382170972,3.194805297321171,14.268377388826332,1.702254365225703,0.03767204264968645,0.024534566413144467
"sigmas[1, 4]",5.800036777375807e-13,4.970716319946862e-13,2.3464868301454608e-14,1.8023343027360924e-12,47.79001075514839,40.855000509930086,1.0371798237164833,6.089760732520636e-14,8.114122075714484e-14
"sigmas[1, 5]",0.9048845132448368,0.1266779137833655,0.7563566035024856,1.0881973557224693,2.577210514855502,5.223563848879234,2.207063294859269,0.08764629550069691,0.018862654757513052
"sigmas[1, 6]",1.069128010089551,0.04997032242533861,0.9949265015033795,1.1740234057550611,17.195914129971378,30.964800307181026,1.0718798446350606,0.012607661739664258,0.008208146225236078
"sigmas[1, 7]",1.1119583620107172,0.057264514952560866,1.0072981221649706,1.2185091577456006,70.02575441592106,466.44030760851,1.0445909892593228,0.006815833311237231,0.004497535000978366
"sigmas[2, 0]",2.030374258621588,0.24959313010142795,1.370394105680872,2.302505160602456,7.227323674695415,5.073596921952133,1.8155988941734091,0.11855836868863655,0.11609383806206611
"sigmas[2, 1]",0.24861375460733917,0.018554552104941408,0.22834723186024644,0.269928899323736,2.5717824526139834,4.913387754989577,2.2227403121146034,0.013001982982662579,0.0010294997398434225
"sigmas[2, 2]",4.547007501908966,0.0965484340243899,4.38773950909545,4.746066793624598,3.4663694257994626,5.456731034902941,1.6226476251777504,0.05716754687312354,0.03591299943254918
"sigmas[2, 3]",2.194431355550318,0.6988016408563466,1.3076338452231144,2.9232410671238633,2.5310563588144155,6.0546098529167836,2.296707296738611,0.4858880358333351,0.07577166033254325
"sigmas[2, 4]",0.013272156642784985,0.0006615970371995509,0.012601039898912116,0.014140875119286791,2.8506364735231315,17.712304272680868,1.9144057001153452,0.00045956961214069746,7.17216504242877e-05
"sigmas[2, 5]",1.408500578700685,0.6838820435498559,0.6972100883814767,2.1246518415355515,2.6377181403195817,6.1580968761167165,2.127553760175479,0.47984095415701566,0.0124867676625083
"sigmas[2, 6]",1.4682122471893158,0.8914068059437842,0.5235119386488696,2.3709980278251956,2.888100320095297,6.765888811643545,1.862229322592383,0.6254244051863574,0.015436772898228174
"sigmas[2, 7]",1.3047484013327741,0.6704020475770832,0.6362858064194116,2.181598640871358,2.50587656839763,5.205936894925873,2.3773690486679677,0.46900014259274,0.05903616302921845
"sigmas[3, 0]",0.5433270624324918,0.0584241859656285,0.448874312421898,0.6698199483107636,3.2484946223507953,5.1965354934109556,1.6764529509529906,0.033460478685851475,0.02277803046917809
"sigmas[3, 1]",1.000239832454441,0.0841291075189124,0.8286703993445645,1.087365407607773,2.5903113155487496,6.828729668629441,2.266368829822455,0.052533534299974365,0.029276807368302377
"sigmas[3, 2]",0.5870108254200503,0.053207951595982024,0.4647329455497325,0.6390062693885402,2.9877851908298827,5.928465711965538,2.2031266925674386,0.03388878700566929,0.023202851917961613
"sigmas[3, 3]",0.6443278570120256,0.21629404153516052,0.34797868881203375,0.9822670555941537,2.3206844516255383,5.20952981657695,2.920241741628247,0.15002722750127678,0.053279586523576325
"sigmas[3, 4]",1.1430244419743222e-12,1.2366193665476571e-12,2.251462276117064e-14,4.188200017986521e-12,1821.5996460974288,550.9502367166726,1.0015042870959698,2.835710666166309e-14,4.3309016941059753e-14
"sigmas[3, 5]",1.1220473321090016,0.0981767627994418,0.9518915761320372,1.3225447412174967,6.397606729035681,29.279162931202812,1.2484250883028787,0.038619431326315914,0.02648569780812297
"sigmas[3, 6]",1.488852429551178,0.445999508845281,0.9416147708836055,2.095402599885069,2.5798279394556083,4.869918860863378,2.241469034154901,0.3104225482094291,0.06835366200511821
"sigmas[3, 7]",1.042531911855585,0.2545228480702305,0.6984045524215557,1.3925555576667696,2.569437311823415,4.919318057281015,2.2324770930289093,0.17559554254861132,0.04723883961269224
"sigmas[4, 0]",0.6321683001244243,0.020191721757795135,0.610743390522007,0.673174330037388,2.53166783308561,4.955309119623627,2.2806062683553523,0.013411281271906843,0.008276864522913898
"sigmas[4, 1]",0.7524783650761184,0.025188267107880472,0.7083894145064071,0.7988005960175548,3.7734163772008698,6.159640784109908,1.508338774693166,0.013069090098796088,0.007540454140294478
"sigmas[4, 2]",0.6588149043961892,0.020616596017250948,0.6051521419719121,0.6811302523760987,9.028378909800505,20.9596794666972,1.4853329652907756,0.00866447770527431,0.007145349779031384
"sigmas[4, 3]",0.7463434175327603,0.020638137852960543,0.6996932485918991,0.787133182526882,3.4527935493480673,5.91614427197704,1.7834987182281123,0.011189672229176223,0.009418612776979408
"sigmas[4, 4]",3.3223923430235545e-13,3.0153605675167186e-13,3.4991605272257285e-14,1.1050379134052566e-12,11.059739317282384,20.253126681112164,1.1345924810673262,8.985274044403805e-14,1.0426772835816976e-13
"sigmas[4, 5]",0.9337387754264821,0.01164798207871176,0.9142723357260949,0.9539864358386686,3.3343714487318907,12.81885559599247,1.6859645009296298,0.006620374472374118,0.00342135670931973
"sigmas[4, 6]",0.9960298237905942,0.03356153917907743,0.9467404955331413,1.0562015215038896,4.7645963801600635,13.132353333062223,1.3544946213189952,0.01608284359639979,0.007718014687772869
"sigmas[4, 7]",0.9124280263759611,0.013715153560926485,0.8938755802492662,0.9309671678138718,2.9345231120105835,12.647406339582218,1.8549261074628347,0.009406633106530208,0.002202534990576454
